{"cameraMode":{"drawMode":0,"name":"Shaded","section":"Shading Mode"},"sceneLighting":true,"audioPlay":false,"sceneViewState":{"m_AlwaysRefresh":false,"showFog":true,"showSkybox":true,"showFlares":true,"showImageEffects":true,"showParticleSystems":true,"showVisualEffectGraphs":true,"m_FxEnabled":true},"in2DMode":false,"pivot":{"x":580.1475830078125,"y":237.1779022216797,"z":5.183990478515625},"rotation":{"x":0.023995574563741685,"y":0.01199653185904026,"z":-0.0002879565872717649,"w":0.9996431469917297},"size":249.16921997070313,"orthographic":false}